Branche,Anmeldungen_Jul_2026,Anteil,Anteil_Prozent
"Land- und Forstwirtschaft, Fischerei",5,0.005035246727089627,0.5
Verarbeitendes Gewerbe,56,0.05639476334340383,5.64
Energie/Wasser/Abfall,9,0.00906344410876133,0.91
Baugewerbe,55,0.0553877139979859,5.54
Handel/Kfz,205,0.20644511581067473,20.64
Verkehr und Lagerei,26,0.026183282980866064,2.62
Gastgewerbe,79,0.07955689828801611,7.96
Information und Kommunikation,95,0.09566968781470292,9.57
Finanz- und Versicherungsdienstleistungen,40,0.04028197381671702,4.03
Freiberufliche/wissenschaftliche/technische Dienstleistungen,108,0.10876132930513595,10.88
Sonstige wirtschaftliche Dienstleistungen,137,0.1379657603222558,13.8
Sonstige Wirtschaftsbereiche,178,0.17925478348439072,17.93
