CRM_ID,Feld,Alter_Wert,Neuer_Wert,Fehlertyp,Aktion,Pruefstatus,Hinweis
CRM-00755,Kreis,SAALE-HOLZLAND-KREIS,Saale-Holzland-Kreis,STANDARDISIERUNG,AUTO_CORRECTED,Automatisch standardisiert,Deterministische Schreibweisen-Normalisierung
CRM-00136,Kreis,STADT ERFURT,Stadt Erfurt,STANDARDISIERUNG,AUTO_CORRECTED,Automatisch standardisiert,Deterministische Schreibweisen-Normalisierung
CRM-00256,Kreis,STADT WEIMAR,Stadt Weimar,STANDARDISIERUNG,AUTO_CORRECTED,Automatisch standardisiert,Deterministische Schreibweisen-Normalisierung
CRM-00180,Kreis,STADT JENA,Stadt Jena,STANDARDISIERUNG,AUTO_CORRECTED,Automatisch standardisiert,Deterministische Schreibweisen-Normalisierung
CRM-00836,Kreis,ALTENBURGER LAND,Altenburger Land,STANDARDISIERUNG,AUTO_CORRECTED,Automatisch standardisiert,Deterministische Schreibweisen-Normalisierung
CRM-00724,Kreis,SAALFELD-RUDOLSTADT,Saalfeld-Rudolstadt,STANDARDISIERUNG,AUTO_CORRECTED,Automatisch standardisiert,Deterministische Schreibweisen-Normalisierung
CRM-00445,Kreis,UNSTRUT-HAINICH-KREIS,Unstrut-Hainich-Kreis,STANDARDISIERUNG,AUTO_CORRECTED,Automatisch standardisiert,Deterministische Schreibweisen-Normalisierung
CRM-00135,Kreis,STADT ERFURT,Stadt Erfurt,STANDARDISIERUNG,AUTO_CORRECTED,Automatisch standardisiert,Deterministische Schreibweisen-Normalisierung
CRM-00186,Kreis,STADT JENA,Stadt Jena,STANDARDISIERUNG,AUTO_CORRECTED,Automatisch standardisiert,Deterministische Schreibweisen-Normalisierung
CRM-00103,Kreis,STADT ERFURT,Stadt Erfurt,STANDARDISIERUNG,AUTO_CORRECTED,Automatisch standardisiert,Deterministische Schreibweisen-Normalisierung
CRM-00126,Kreis,STADT ERFURT,Stadt Erfurt,STANDARDISIERUNG,AUTO_CORRECTED,Automatisch standardisiert,Deterministische Schreibweisen-Normalisierung
CRM-00069,Kreis,STADT ERFURT,Stadt Erfurt,STANDARDISIERUNG,AUTO_CORRECTED,Automatisch standardisiert,Deterministische Schreibweisen-Normalisierung
CRM-00263,Kreis,STADT WEIMAR,Stadt Weimar,STANDARDISIERUNG,AUTO_CORRECTED,Automatisch standardisiert,Deterministische Schreibweisen-Normalisierung
CRM-00600,Kreis,HILDBURGHAUSEN,Hildburghausen,STANDARDISIERUNG,AUTO_CORRECTED,Automatisch standardisiert,Deterministische Schreibweisen-Normalisierung
CRM-00366,Kreis,WARTBURGKREIS,Wartburgkreis,STANDARDISIERUNG,AUTO_CORRECTED,Automatisch standardisiert,Deterministische Schreibweisen-Normalisierung
CRM-00354,Kreis,WARTBURGKREIS,Wartburgkreis,STANDARDISIERUNG,AUTO_CORRECTED,Automatisch standardisiert,Deterministische Schreibweisen-Normalisierung
CRM-00674,Kreis,WEIMARER LAND,Weimarer Land,STANDARDISIERUNG,AUTO_CORRECTED,Automatisch standardisiert,Deterministische Schreibweisen-Normalisierung
CRM-00301,Kreis,EICHSFELD,Eichsfeld,STANDARDISIERUNG,AUTO_CORRECTED,Automatisch standardisiert,Deterministische Schreibweisen-Normalisierung
CRM-00420,Kreis,UNSTRUT-HAINICH-KREIS,Unstrut-Hainich-Kreis,STANDARDISIERUNG,AUTO_CORRECTED,Automatisch standardisiert,Deterministische Schreibweisen-Normalisierung
CRM-00678,Kreis,WEIMARER LAND,Weimarer Land,STANDARDISIERUNG,AUTO_CORRECTED,Automatisch standardisiert,Deterministische Schreibweisen-Normalisierung
CRM-00525,Kreis,GOTHA,Gotha,STANDARDISIERUNG,AUTO_CORRECTED,Automatisch standardisiert,Deterministische Schreibweisen-Normalisierung
CRM-00187,Kreis,STADT JENA,Stadt Jena,STANDARDISIERUNG,AUTO_CORRECTED,Automatisch standardisiert,Deterministische Schreibweisen-Normalisierung
CRM-00683,Kreis,WEIMARER LAND,Weimarer Land,STANDARDISIERUNG,AUTO_CORRECTED,Automatisch standardisiert,Deterministische Schreibweisen-Normalisierung
CRM-00372,Kreis,WARTBURGKREIS,Wartburgkreis,STANDARDISIERUNG,AUTO_CORRECTED,Automatisch standardisiert,Deterministische Schreibweisen-Normalisierung
CRM-00148,Kreis,STADT GERA,Stadt Gera,STANDARDISIERUNG,AUTO_CORRECTED,Automatisch standardisiert,Deterministische Schreibweisen-Normalisierung
CRM-00385,Kreis,WARTBURGKREIS,Wartburgkreis,STANDARDISIERUNG,AUTO_CORRECTED,Automatisch standardisiert,Deterministische Schreibweisen-Normalisierung
CRM-00485,Kreis,SCHMALKALDEN-MEININGEN,Schmalkalden-Meiningen,STANDARDISIERUNG,AUTO_CORRECTED,Automatisch standardisiert,Deterministische Schreibweisen-Normalisierung
CRM-00707,Kreis,SONNEBERG,Sonneberg,STANDARDISIERUNG,AUTO_CORRECTED,Automatisch standardisiert,Deterministische Schreibweisen-Normalisierung
CRM-00380,Kreis,WARTBURGKREIS,Wartburgkreis,STANDARDISIERUNG,AUTO_CORRECTED,Automatisch standardisiert,Deterministische Schreibweisen-Normalisierung
CRM-00393,Kreis,WARTBURGKREIS,Wartburgkreis,STANDARDISIERUNG,AUTO_CORRECTED,Automatisch standardisiert,Deterministische Schreibweisen-Normalisierung
CRM-00703,Kreis,SONNEBERG,Sonneberg,STANDARDISIERUNG,AUTO_CORRECTED,Automatisch standardisiert,Deterministische Schreibweisen-Normalisierung
CRM-00419,Kreis,UNSTRUT-HAINICH-KREIS,Unstrut-Hainich-Kreis,STANDARDISIERUNG,AUTO_CORRECTED,Automatisch standardisiert,Deterministische Schreibweisen-Normalisierung
CRM-00442,Kreis,UNSTRUT-HAINICH-KREIS,Unstrut-Hainich-Kreis,STANDARDISIERUNG,AUTO_CORRECTED,Automatisch standardisiert,Deterministische Schreibweisen-Normalisierung
CRM-00750,Kreis,SAALE-HOLZLAND-KREIS,Saale-Holzland-Kreis,STANDARDISIERUNG,AUTO_CORRECTED,Automatisch standardisiert,Deterministische Schreibweisen-Normalisierung
CRM-00297,Kreis,EICHSFELD,Eichsfeld,STANDARDISIERUNG,AUTO_CORRECTED,Automatisch standardisiert,Deterministische Schreibweisen-Normalisierung
CRM-00466,Kreis,KYFFHÄUSERKREIS,Kyffhäuserkreis,STANDARDISIERUNG,AUTO_CORRECTED,Automatisch standardisiert,Deterministische Schreibweisen-Normalisierung
CRM-00120,Kreis,STADT ERFURT,Stadt Erfurt,STANDARDISIERUNG,AUTO_CORRECTED,Automatisch standardisiert,Deterministische Schreibweisen-Normalisierung
CRM-00645,Kreis,ILM-KREIS,Ilm-Kreis,STANDARDISIERUNG,AUTO_CORRECTED,Automatisch standardisiert,Deterministische Schreibweisen-Normalisierung
CRM-00514,Kreis,SCHMALKALDEN-MEININGEN,Schmalkalden-Meiningen,STANDARDISIERUNG,AUTO_CORRECTED,Automatisch standardisiert,Deterministische Schreibweisen-Normalisierung
CRM-00210,Kreis,STADT JENA,Stadt Jena,STANDARDISIERUNG,AUTO_CORRECTED,Automatisch standardisiert,Deterministische Schreibweisen-Normalisierung
CRM-00392,Kreis,WARTBURGKREIS,Wartburgkreis,STANDARDISIERUNG,AUTO_CORRECTED,Automatisch standardisiert,Deterministische Schreibweisen-Normalisierung
CRM-00357,Kreis,WARTBURGKREIS,Wartburgkreis,STANDARDISIERUNG,AUTO_CORRECTED,Automatisch standardisiert,Deterministische Schreibweisen-Normalisierung
CRM-00361,Branche,NULL,Gastgewerbe,FEHLENDER_WERT,MANUAL_REVIEW,Offen – Originalwert prüfen,CRM-Clean-Datei ist eine simulierte Zielversion; diese Änderung ist nicht als validierte automatische Korrektur nachgewiesen.
CRM-00809,Branche,NULL,Handel/Kfz,FEHLENDER_WERT,MANUAL_REVIEW,Offen – Originalwert prüfen,CRM-Clean-Datei ist eine simulierte Zielversion; diese Änderung ist nicht als validierte automatische Korrektur nachgewiesen.
CRM-00105,Branche,NULL,Sonstige wirtschaftliche Dienstleistungen,FEHLENDER_WERT,MANUAL_REVIEW,Offen – Originalwert prüfen,CRM-Clean-Datei ist eine simulierte Zielversion; diese Änderung ist nicht als validierte automatische Korrektur nachgewiesen.
CRM-00346,Branche,NULL,Information und Kommunikation,FEHLENDER_WERT,MANUAL_REVIEW,Offen – Originalwert prüfen,CRM-Clean-Datei ist eine simulierte Zielversion; diese Änderung ist nicht als validierte automatische Korrektur nachgewiesen.
CRM-00205,Branche,NULL,Handel/Kfz,FEHLENDER_WERT,MANUAL_REVIEW,Offen – Originalwert prüfen,CRM-Clean-Datei ist eine simulierte Zielversion; diese Änderung ist nicht als validierte automatische Korrektur nachgewiesen.
CRM-00379,Branche,NULL,Freiberufliche/wissenschaftliche/technische Dienstleistungen,FEHLENDER_WERT,MANUAL_REVIEW,Offen – Originalwert prüfen,CRM-Clean-Datei ist eine simulierte Zielversion; diese Änderung ist nicht als validierte automatische Korrektur nachgewiesen.
CRM-00299,Branche,NULL,Sonstige Wirtschaftsbereiche,FEHLENDER_WERT,MANUAL_REVIEW,Offen – Originalwert prüfen,CRM-Clean-Datei ist eine simulierte Zielversion; diese Änderung ist nicht als validierte automatische Korrektur nachgewiesen.
CRM-00343,Branche,NULL,Information und Kommunikation,FEHLENDER_WERT,MANUAL_REVIEW,Offen – Originalwert prüfen,CRM-Clean-Datei ist eine simulierte Zielversion; diese Änderung ist nicht als validierte automatische Korrektur nachgewiesen.
CRM-00230,Branche,NULL,Handel/Kfz,FEHLENDER_WERT,MANUAL_REVIEW,Offen – Originalwert prüfen,CRM-Clean-Datei ist eine simulierte Zielversion; diese Änderung ist nicht als validierte automatische Korrektur nachgewiesen.
CRM-00559,Branche,NULL,Sonstige wirtschaftliche Dienstleistungen,FEHLENDER_WERT,MANUAL_REVIEW,Offen – Originalwert prüfen,CRM-Clean-Datei ist eine simulierte Zielversion; diese Änderung ist nicht als validierte automatische Korrektur nachgewiesen.
CRM-00321,Branche,NULL,Information und Kommunikation,FEHLENDER_WERT,MANUAL_REVIEW,Offen – Originalwert prüfen,CRM-Clean-Datei ist eine simulierte Zielversion; diese Änderung ist nicht als validierte automatische Korrektur nachgewiesen.
CRM-00331,Branche,NULL,Handel/Kfz,FEHLENDER_WERT,MANUAL_REVIEW,Offen – Originalwert prüfen,CRM-Clean-Datei ist eine simulierte Zielversion; diese Änderung ist nicht als validierte automatische Korrektur nachgewiesen.
CRM-00109,Branche,NULL,Handel/Kfz,FEHLENDER_WERT,MANUAL_REVIEW,Offen – Originalwert prüfen,CRM-Clean-Datei ist eine simulierte Zielversion; diese Änderung ist nicht als validierte automatische Korrektur nachgewiesen.
CRM-00197,Branche,NULL,Sonstige Wirtschaftsbereiche,FEHLENDER_WERT,MANUAL_REVIEW,Offen – Originalwert prüfen,CRM-Clean-Datei ist eine simulierte Zielversion; diese Änderung ist nicht als validierte automatische Korrektur nachgewiesen.
CRM-00654,Branche,NULL,Sonstige wirtschaftliche Dienstleistungen,FEHLENDER_WERT,MANUAL_REVIEW,Offen – Originalwert prüfen,CRM-Clean-Datei ist eine simulierte Zielversion; diese Änderung ist nicht als validierte automatische Korrektur nachgewiesen.
CRM-00396,Branche,NULL,Sonstige Wirtschaftsbereiche,FEHLENDER_WERT,MANUAL_REVIEW,Offen – Originalwert prüfen,CRM-Clean-Datei ist eine simulierte Zielversion; diese Änderung ist nicht als validierte automatische Korrektur nachgewiesen.
CRM-00143,Branche,NULL,Sonstige Wirtschaftsbereiche,FEHLENDER_WERT,MANUAL_REVIEW,Offen – Originalwert prüfen,CRM-Clean-Datei ist eine simulierte Zielversion; diese Änderung ist nicht als validierte automatische Korrektur nachgewiesen.
CRM-00827,Branche,NULL,Sonstige Wirtschaftsbereiche,FEHLENDER_WERT,MANUAL_REVIEW,Offen – Originalwert prüfen,CRM-Clean-Datei ist eine simulierte Zielversion; diese Änderung ist nicht als validierte automatische Korrektur nachgewiesen.
CRM-00840,Branche,NULL,Information und Kommunikation,FEHLENDER_WERT,MANUAL_REVIEW,Offen – Originalwert prüfen,CRM-Clean-Datei ist eine simulierte Zielversion; diese Änderung ist nicht als validierte automatische Korrektur nachgewiesen.
CRM-00031,Branche,NULL,Sonstige wirtschaftliche Dienstleistungen,FEHLENDER_WERT,MANUAL_REVIEW,Offen – Originalwert prüfen,CRM-Clean-Datei ist eine simulierte Zielversion; diese Änderung ist nicht als validierte automatische Korrektur nachgewiesen.
CRM-00459,Branche,NULL,Information und Kommunikation,FEHLENDER_WERT,MANUAL_REVIEW,Offen – Originalwert prüfen,CRM-Clean-Datei ist eine simulierte Zielversion; diese Änderung ist nicht als validierte automatische Korrektur nachgewiesen.
CRM-00460,Branche,NULL,Handel/Kfz,FEHLENDER_WERT,MANUAL_REVIEW,Offen – Originalwert prüfen,CRM-Clean-Datei ist eine simulierte Zielversion; diese Änderung ist nicht als validierte automatische Korrektur nachgewiesen.
CRM-00551,Branche,NULL,Finanz- und Versicherungsdienstleistungen,FEHLENDER_WERT,MANUAL_REVIEW,Offen – Originalwert prüfen,CRM-Clean-Datei ist eine simulierte Zielversion; diese Änderung ist nicht als validierte automatische Korrektur nachgewiesen.
CRM-00484,Branche,NULL,Freiberufliche/wissenschaftliche/technische Dienstleistungen,FEHLENDER_WERT,MANUAL_REVIEW,Offen – Originalwert prüfen,CRM-Clean-Datei ist eine simulierte Zielversion; diese Änderung ist nicht als validierte automatische Korrektur nachgewiesen.
CRM-00808,Branche,NULL,Sonstige Wirtschaftsbereiche,FEHLENDER_WERT,MANUAL_REVIEW,Offen – Originalwert prüfen,CRM-Clean-Datei ist eine simulierte Zielversion; diese Änderung ist nicht als validierte automatische Korrektur nachgewiesen.
CRM-00190,Status,done,Erledigt,UNGUELTIGER_WERT,MANUAL_REVIEW,Offen – Originalwert prüfen,CRM-Clean-Datei ist eine simulierte Zielversion; diese Änderung ist nicht als validierte automatische Korrektur nachgewiesen.
CRM-00048,Status,done,Offen,UNGUELTIGER_WERT,MANUAL_REVIEW,Offen – Originalwert prüfen,CRM-Clean-Datei ist eine simulierte Zielversion; diese Änderung ist nicht als validierte automatische Korrektur nachgewiesen.
CRM-00203,Status,done,Offen,UNGUELTIGER_WERT,MANUAL_REVIEW,Offen – Originalwert prüfen,CRM-Clean-Datei ist eine simulierte Zielversion; diese Änderung ist nicht als validierte automatische Korrektur nachgewiesen.
CRM-00524,Status,done,Erledigt,UNGUELTIGER_WERT,MANUAL_REVIEW,Offen – Originalwert prüfen,CRM-Clean-Datei ist eine simulierte Zielversion; diese Änderung ist nicht als validierte automatische Korrektur nachgewiesen.
CRM-00739,Status,done,Erledigt,UNGUELTIGER_WERT,MANUAL_REVIEW,Offen – Originalwert prüfen,CRM-Clean-Datei ist eine simulierte Zielversion; diese Änderung ist nicht als validierte automatische Korrektur nachgewiesen.
CRM-00259,Status,done,Erledigt,UNGUELTIGER_WERT,MANUAL_REVIEW,Offen – Originalwert prüfen,CRM-Clean-Datei ist eine simulierte Zielversion; diese Änderung ist nicht als validierte automatische Korrektur nachgewiesen.
CRM-00655,Status,done,Erledigt,UNGUELTIGER_WERT,MANUAL_REVIEW,Offen – Originalwert prüfen,CRM-Clean-Datei ist eine simulierte Zielversion; diese Änderung ist nicht als validierte automatische Korrektur nachgewiesen.
CRM-00411,Status,done,Erledigt,UNGUELTIGER_WERT,MANUAL_REVIEW,Offen – Originalwert prüfen,CRM-Clean-Datei ist eine simulierte Zielversion; diese Änderung ist nicht als validierte automatische Korrektur nachgewiesen.
CRM-00666,Status,done,Erledigt,UNGUELTIGER_WERT,MANUAL_REVIEW,Offen – Originalwert prüfen,CRM-Clean-Datei ist eine simulierte Zielversion; diese Änderung ist nicht als validierte automatische Korrektur nachgewiesen.
CRM-00685,Status,done,Erledigt,UNGUELTIGER_WERT,MANUAL_REVIEW,Offen – Originalwert prüfen,CRM-Clean-Datei ist eine simulierte Zielversion; diese Änderung ist nicht als validierte automatische Korrektur nachgewiesen.
CRM-00565,Status,done,Erledigt,UNGUELTIGER_WERT,MANUAL_REVIEW,Offen – Originalwert prüfen,CRM-Clean-Datei ist eine simulierte Zielversion; diese Änderung ist nicht als validierte automatische Korrektur nachgewiesen.
CRM-00336,Status,done,In Bearbeitung,UNGUELTIGER_WERT,MANUAL_REVIEW,Offen – Originalwert prüfen,CRM-Clean-Datei ist eine simulierte Zielversion; diese Änderung ist nicht als validierte automatische Korrektur nachgewiesen.
CRM-00495,Datensatz,Duplikat,entfernt,DUPLIKAT,MANUAL_REVIEW,Offen – Originalwert prüfen,CRM-Clean-Datei ist eine simulierte Zielversion; diese Änderung ist nicht als validierte automatische Korrektur nachgewiesen.
CRM-00728,Datensatz,Duplikat,entfernt,DUPLIKAT,MANUAL_REVIEW,Offen – Originalwert prüfen,CRM-Clean-Datei ist eine simulierte Zielversion; diese Änderung ist nicht als validierte automatische Korrektur nachgewiesen.
CRM-00744,Datensatz,Duplikat,entfernt,DUPLIKAT,MANUAL_REVIEW,Offen – Originalwert prüfen,CRM-Clean-Datei ist eine simulierte Zielversion; diese Änderung ist nicht als validierte automatische Korrektur nachgewiesen.
CRM-00777,Datensatz,Duplikat,entfernt,DUPLIKAT,MANUAL_REVIEW,Offen – Originalwert prüfen,CRM-Clean-Datei ist eine simulierte Zielversion; diese Änderung ist nicht als validierte automatische Korrektur nachgewiesen.
CRM-00404,Datensatz,Duplikat,entfernt,DUPLIKAT,MANUAL_REVIEW,Offen – Originalwert prüfen,CRM-Clean-Datei ist eine simulierte Zielversion; diese Änderung ist nicht als validierte automatische Korrektur nachgewiesen.
CRM-00763,Datensatz,Duplikat,entfernt,DUPLIKAT,MANUAL_REVIEW,Offen – Originalwert prüfen,CRM-Clean-Datei ist eine simulierte Zielversion; diese Änderung ist nicht als validierte automatische Korrektur nachgewiesen.
CRM-00527,Datensatz,Duplikat,entfernt,DUPLIKAT,MANUAL_REVIEW,Offen – Originalwert prüfen,CRM-Clean-Datei ist eine simulierte Zielversion; diese Änderung ist nicht als validierte automatische Korrektur nachgewiesen.
CRM-00261,Datensatz,Duplikat,entfernt,DUPLIKAT,MANUAL_REVIEW,Offen – Originalwert prüfen,CRM-Clean-Datei ist eine simulierte Zielversion; diese Änderung ist nicht als validierte automatische Korrektur nachgewiesen.
CRM-00530,Datensatz,Duplikat,entfernt,DUPLIKAT,MANUAL_REVIEW,Offen – Originalwert prüfen,CRM-Clean-Datei ist eine simulierte Zielversion; diese Änderung ist nicht als validierte automatische Korrektur nachgewiesen.
CRM-00512,Datensatz,Duplikat,entfernt,DUPLIKAT,MANUAL_REVIEW,Offen – Originalwert prüfen,CRM-Clean-Datei ist eine simulierte Zielversion; diese Änderung ist nicht als validierte automatische Korrektur nachgewiesen.
