Kreis,Anmeldungen,Abmeldungen,Neuerrichtungen,Einzelunternehmen,Personengesellschaften,Juristische_Personen,Saldo,Quelle,Berichtsmonat
Stadt Erfurt,151,103,140,112,9,19,48,TLS KM000482 / KM000414,2026-07
Stadt Gera,40,32,36,29,0,7,8,TLS KM000482 / KM000414,2026-07
Stadt Jena,59,39,52,35,6,11,20,TLS KM000482 / KM000414,2026-07
Stadt Suhl,16,17,7,2,2,3,-1,TLS KM000482 / KM000414,2026-07
Stadt Weimar,32,33,29,24,0,5,-1,TLS KM000482 / KM000414,2026-07
Eichsfeld,47,35,44,41,0,3,12,TLS KM000482 / KM000414,2026-07
Nordhausen,39,35,26,23,0,3,4,TLS KM000482 / KM000414,2026-07
Wartburgkreis,87,53,68,54,1,13,34,TLS KM000482 / KM000414,2026-07
Unstrut-Hainich-Kreis,50,31,47,41,4,2,19,TLS KM000482 / KM000414,2026-07
Kyffhäuserkreis,24,18,19,19,0,0,6,TLS KM000482 / KM000414,2026-07
Schmalkalden-Meiningen,57,56,49,43,1,5,1,TLS KM000482 / KM000414,2026-07
Gotha,66,42,58,41,3,14,24,TLS KM000482 / KM000414,2026-07
Sömmerda,27,29,22,17,1,4,-2,TLS KM000482 / KM000414,2026-07
Hildburghausen,27,20,20,18,1,1,7,TLS KM000482 / KM000414,2026-07
Ilm-Kreis,46,40,42,31,3,8,6,TLS KM000482 / KM000414,2026-07
Weimarer Land,36,38,28,26,0,2,-2,TLS KM000482 / KM000414,2026-07
Sonneberg,24,25,21,15,1,5,-1,TLS KM000482 / KM000414,2026-07
Saalfeld-Rudolstadt,41,42,33,28,2,3,-1,TLS KM000482 / KM000414,2026-07
Saale-Holzland-Kreis,38,25,31,21,0,10,13,TLS KM000482 / KM000414,2026-07
Saale-Orla-Kreis,23,28,19,16,0,3,-5,TLS KM000482 / KM000414,2026-07
Greiz,31,41,25,17,0,8,-10,TLS KM000482 / KM000414,2026-07
Altenburger Land,32,31,27,24,1,2,1,TLS KM000482 / KM000414,2026-07
